name,free_returns,items_sold,price,status,shipping
TARI Stainless Steel Bottle Wide Mouth Leakproof Flex Cap Insulated 18.5 Oz,True,78,899,Brand New,0
Ben Din Coffee Thermos - Smart Sports Water Bottle with Led Temperature Display,True,,1999,Brand New,0
Hydro Flask Water Stainless Steel Vacuum Water Bottle 32 Oz 40 Oz 64 Oz ,False,,24773804,Brand New,0
750ml Portable Sport Plastic Drinking Water Bottle with Card Storage,False,,1255,Brand New,615
64oz Motivational Water Bottle with Time Marker & Removable Straw BPA Free,False,235,998,Brand New,0
Half Gallon 64 OZ Motivational Water Bottle with Straw Time Marker BPA Free,False,,1299,Brand New,0
40OZ Hydro Flask Water Bottle w/ Straw Lid Stainless Steel Vacuum US HOTüëçüëçüëç,True,74,2733,Brand New,0
"Nalgene 32 oz. Wide Mouth Tritan Water Bottle, Cadet - Amethyst - Cerulean",False,223,800,Brand New,0
128oz Motivational Water Bottle with Time Marker & Removable Straw BPA Free,False,193,648,Brand New,0
 20 OZ AQUASTEEL STAINLESS STEEL WATER BOTTLES PER BOTTLE,False,,595,Brand New,0
20/32OZ Hydro Flask Water Bottle Stainless steel Wide Mouth W/Straw Lid 2.0 New,True,,20332533,Brand New,0
"Hydro Flask 32oz Stainless Steel Water Bottle, with Straw Lid, 2.0 - New Design",True,,11993359,Brand New,0
Thermos 12 oz. Kid's Funtainer Vacuum Insulated Stainless Steel Water Bottle,True,0,1699,Brand New,0
Sports Water Bottle Lightweight Bottles For Outdoors Lockable Pop Open Lid 22 oz,True,,779,Brand New,0
Bike Cup Holder Cycling Beverage Water Bottle Cage Mount Drink Bicycle Handlebar,False,1227,789,Brand New,0
Water Bottle Time Marker 1L Extra Large Motivational Gym Sport Bottle With Straw,True,19,10991199,Brand New,0
Elite FLY Water Bottle BPA Free : BLACK/GREY 550 ml,True,156,999,Brand New,199
NEW With Tags Camelbak 24 oz Podium Water Bottle Black,False,73,1208,Brand New,0
"Hydro Flask Wide Mouth Straw Lid with 2 Straws, Black BPA-Free",False,,899,Brand New,0
Hydro Flask Water Bottle Standard Mouth Wide Mouth Leakproof Flex Cap 32oz,True,,269510164,Brand New,0
IRON ¬∞FLASK Carabiner Straw Lid for Wide Mouth Insulated Sports Water Bottles,True,,799,New (Other),0
Nalgene Tritan Wide Mouth 32 oz. Water Bottle,True,480,1299,Brand New,0
Motivational Water Bottle BPA Free 2.2L/64oz Jug with Straw and Time Tracker Gym,True,380,1599,Brand New,0
2 Packs Bike Water Bottle Cages Bicycle Lightweight Aluminum Alloy Bottle Holder,True,,889,Brand New,0
Cirkul 22oz Plastic Water Bottle Starter Kit with Blue Lid & 2 Flavor Cartridges,False,0,2899,Brand New,0
"Contigo Cortland Chill 2.0 AUTOSEAL 24oz Stainless Water Bottle, Frosted Rose",True,115,1436,New (Other),0
Silicone Boot Sleeve for Yeti 46 oz 36 oz 26 oz 12/18oz Rambler Water Bottle USA,False,330,9651125,Brand New,0
Nalgene MultiDrink Water Bottle Replacement Cap - Gray,True,,999,Brand New,0
The Coldest Water Insulated Wide Mouth Size 2.0- Flip Lid Hydro Sports Straw Cap,True,,11991399,Brand New,0
40oz Water Bottle Stainless Steel Vacuum Double Wall Insulation Sport Wide Mouth,True,219,168913789,Brand New,0
Half Gallon 32/64 OZ Motivational Water Bottle with Straw Time Marker BPA Free,False,6,9791099,Brand New,199
2 Packs Bike Water Bottle Cages Bicycle Lightweight Aluminum Alloy Bottle Holder,False,1077,899999,Brand New,0
"New Listing6 pcs Assorted Water Bottles Outdoor Hydration Flasks, Ventana Rippling IHG",False,,5996,Pre-Owned,0
 2X Bike Water Bottle Cage Holder Mount Bicycle Cycling Drink Cup Polycarbonate ,True,,569,Brand New,0
"Nalgene 32oz Wide Mouth Sustain Water Bottle,Gray Black(NEW)-FREE SHIPPING US",False,,1099,Brand New,0
Replacement Flip Lid For Hydro Flask Wide Mouth Water Bottle Coffee Lid Black,False,,699,Brand New,0
22 oz Water Bottle Leak proof Water Jug w/ Handle For Fitness Gym Outdoor Sports,True,,740,Brand New,0
32oz Narrow Mouth Tritan Water Bottle - BEST PRICE,False,,799,Brand New,0
"Iron Flask Sports Water Bottle,  3 Lids (Straw Lid), Leak Proof, Thermo Mug",True,,15903390,New (Other),0
"Sport Soft Water Bottle Folding Flask BPA Free TPU for Running, Hiking, Cycling",False,,1195,Brand New,0
2-Pack Zefal Magnum 33oz 975ml Clear Bike Water Bottles BPA Free Dishwasher Safe,False,,2195,Brand New,0
Bicycle Cup Drink Holder Beverage Water Bottle Cage Mount Cycling Handlebar Bike,True,,798,Brand New,0
32OZ Hydro Flask Water Bottle Stainless steel Wide Mouth 2.0 OR w/Straw Lid New,True,,239914099,Brand New,0
Cycling Bike Water Bottle Holder Mount Handlebar Bicycle Drink Cup Bottle Cage,False,106,639699,Brand New,0
Hydro Flask 32 OZ Water Bottle Stainless Steel Vacuum Insulated w/ Straw Lid New,True,0,279613999,Brand New,0
Hydro Flask Water Bottle Stainless steel Wide Mouth with Straw Lid 40oz,True,13,3324,Brand New,0
New ListingPair of New Pinarello Most Trap Water Bottle Cage MRSP $40,False,,5999,New (Other),0
New Listing5 pcs ThermoFlask or HydroFlask Cold Water Bottles Outdoor Hydration Flasks,False,,5997,Pre-Owned,0
Thermos 24 oz. Stainless King Vacuum Insulated Stainless Steel Drink Bottle,True,0,2619,Brand New,0
"Water Bottle 40 oz Stainless Steel Insulated Double Wall comes with 2 lids, USA",False,,14994099,Brand New,0
Glass/Plastic Bottle Time Marker 16oz Large Mouth Design Time Scale Water Cup,True,,9991399,Brand New,0
Tryeh less than Zero series stainless steel water bottle with bamboo lid 27 OZ,False,,975,Brand New,0
"Contigo Cortland Chill 2.0 AUTOSEAL 24oz Stainless Water Bottle, Bubble Tea",True,,1995,New (Other),0
32oz Wide Mouth Tritan Water Bottle - Sale & Freeshipping,False,,789,Brand New,0
2x Bike Bottle Cage Cycling Water Cup Holder For MTB Bicycle Rack Bracket Fast ,True,,750,Brand New,0
Contigo Kid's 14 oz. AutoSpout Straw Water Bottle with Easy-Clean Lid,True,257,1459,Brand New,0
22oz Plastic Water Bottle Starter Kit with Blue Lid and 2 Flavor Cartridges ,True,0,1898,Brand New,0
"New ListingAUPET Water Bottle Bag Carrier,24oz/32oz Insulated Neoprene Bottle Sling Holder ",True,,1766,Brand New,0
Hydro Flask Water Bottle Standard Mouth Wide Mouth Flex Cap 32oz With Stickers ,False,0,2699,Brand New,0
YETI Rambler Stainless Steel 30 oz Tumbler Vacuum Insulated Cover slider Lid,False,0,3299,Brand New,0
"Contigo 20oz Vacuum Insulated Stainless Steel Water Bottle, Leak Proof BPA Free",True,,1299,Brand New,0
SPECIAL MADE Collapsible Water Bottles Leakproof Valve Reuseable BPA Free Silico,False,,999,Brand New,0
Nalgene Sustain 16 oz. Tritan Wide Mouth Water Bottle,True,,1119,Brand New,0
SLIMCRYSTAL Slimming Crystal Water Bottle With Slimming Bracelet,False,0,10028,New (Other),0
"Nalgene 32oz Wide Mouth Sustain Water Bottle(NEW)-Grey, FREESHIPPING US",False,,799,Brand New,0
Water Bottle Humidifier for Oxygen Concentrator (1),False,,865,Brand New,0
New ListingPeloton yeti water bottle ,False,,2150,Pre-Owned,700
Outdoor Hiking Water Bottle Carrier Bag Camping Insulated Bottle Portable Travel,True,,18992199,Brand New,0
"New Listing7 pcs Assorted Water Bottles Outdoor Hydration Flasks, Nalgene CamelBak Duuti",False,,5597,Pre-Owned,0
New ListingToy Block Lego Small Shaped Water Bottle New set Of 2 red,False,,1500,Brand New,685
Polar Bottle 24 oz. Breakaway Bike Sport Water Bottle,True,35,1175,Brand New,0
"32 Oz Water Bottles, Motivational Water Bottle with Time Marker, Leak Proof",True,0,1099,Brand New,0
New Listing4 pcs Zojirushi Water Bottle Steel Vacuum Mugs SM-SD48-PV SM-SE48-AL SM-KHE48-AG,False,,7496,Pre-Owned,0
Silicone Protective Sleeve Boot For HYDRO FLASK 12-40oz Water Bottle Accessories,False,183,975997,Brand New,0
Nalgene Sustain 32 oz. Wide Mouth Water Bottle,True,,12791599,Brand New,0
Healthy Human 32oz Insulated Stainless Steel Water Bottle Stein | Petal Pink,False,,2499,Brand New,0
The Coldest Sports Water Bottle 64 oz Wide Mouth Insulated Stainless Steel Hydro,False,206,5599,Brand New,0
Under Armour Sideline Squeeze 32oz Water Bottle - Various Colors,False,,899,Brand New,560
The Coldest Water Bottle 32oz Insulated Stainless Steel Double Wall Rubber Grip,True,337,3599,Brand New,0
"New Listing5 pcs Assorted Water Bottles Outdoor Hydration Flasks, Ecovessel Contigo",False,,4996,Pre-Owned,0
"New Listing6 pcs Assorted Water Bottles Outdoor Hydration Flasks, Nalgene Contigo CamelBak",False,,5996,Pre-Owned,0
HydraPak Stow 1L Flexible Water Bottle with Spill-Proof Nozzle,True,,1800,Brand New,0
RAPHA Palo Alto Club House Bidon / Water Bottle Set New,False,0,3200,Brand New,0
Plexus Water Bottle Transparent Slim Size 16oz New!!,False,,1550,Brand New,540
" Bike Cup Holder, Bike Water Bottle Holder, Water Bottle Holder for Bike Black",False,,899,Brand New,0
Collapsible Water Bottle Leak proof Valve BPA-Free Silicone Foldable 20-oz,False,,1000,Brand New,0
Foldable Water Bottle_Reusable_Survival_Emergency_Travel_BPA FREE_16oz New,False,,499,Brand New,0
"New Listingüç∂ ""Good Vibes"" Only Water Bottle & Stationary Set ",False,,600,Brand New,560
New ListingSawyer Products PointOne Squeeze Water Filter System Personal - 2 Pouches,False,,5250,New (Other),0
Tactical Drawstring Molle Water Bottle Holder Military Travel Water Bottle Bag,True,,799899,Brand New,0
Stainless Steel Water Bottle 20oz Straw Sports Karate bk 2,True,,2396,Brand New,0
New ListingColor Your Own Water Bottle Craft Kit for Kids - Fun Crafts for Girls Ages 6-8 &,False,,1754,Brand New,0
Sports Water Bottle 780ml Portable Travel Leakproof Drinking,False,,679713,Brand New,0
New Listing5 pcs ThermoFlask or HydroFlask Metal Water Bottles Outdoor Hydration Flasks,False,,7496,Pre-Owned,0
Mountain Road Bike Bicycle Water Bottle Drink Holder Carbon Fiber Rack Cage US,False,,589,Brand New,0
New Listing6 pcs Assorted Water Bottles Outdoor Hydration Flasks Nalgene Cello Pogo Contigo,False,,4797,Pre-Owned,0
New Listing6 pcs ThermoFlask or HydroFlask Metal Water Bottles Outdoor Hydration Flasks,False,,8996,Pre-Owned,0
Polar Bottles Sport Insulated Fly Dye Water Bottle 24oz Electric Blue,True,,1683,Brand New,0
RED BULL ATHLETE ONLY WATER BOTTLE W/TUBE - 24oz. RARE - F1 - CYCLING HAT,False,,5999,Brand New,0
New Listing20Oz Kids Water Bottle with Easy Sip Straw - Water Bottle Is Dishwasher Safe & B,False,,1802,Brand New,0
"New Listing6 pcs Assorted Water Bottles Outdoor Hydration Flasks, Nalgene 30oz Hydracy Rei",False,,4797,Pre-Owned,0
Half Gallon 32OZ /64OZ Motivational Water Bottle with Straw Time Marker BPA Free,False,,10991199,Brand New,199
"FSA SL-K bottle cage, black/white",False,,1720,Brand New,0
Powerade 32 oz Sports Clutch Water Bottle with Squeeze Cap - (Set of 3),True,,2700,Brand New,0
Set of 4 Sport Water Bottle 24 Oz With sipper straw,True,,18991999,Brand New,0
"Elite SLR Jet Cycling Water Bottle BPA Free 550ml, Black",True,,682,Brand New,583
NEW Bike Bottle PP5 MYLAR Heat/Cold Preservation water Bicycle Cup Bottle,True,,1899,Brand New,0
(4) NEW Camelbak 21oz Podium Bicycle Water Bottles White Speckle ~Not On Recall~,False,0,2695,Brand New,0
Elite FLY MTB Water Bottle BPA Free : BLACK/GREY 950 ml,True,0,1299,Brand New,399
Monster Energy Hydro Specialized 21 Oz Sport Water Bottle 2 PACK Bike Hike Run,True,39,1895,New (Other),0
Portable BPA Free Outdoor Sports Water Bottle Leak Proof Tour Hiking Camp Bottle,True,,11961396,Brand New,199
Lezyne Flow Water Bottle Cage Right Side Loading MTB Road Hybrid Bike - Black,False,191,1599,Brand New,0
Elite BYASI Tool Storage Bottle : DARK GREY 400 cc,True,0,1099,Brand New,349
Stainless Steel Water Bottle 20oz Straw Name Vincent Thing Wouldn't Understand,True,,2396,Brand New,0
1 Pc Hydration Filter Bottle Portable Filtered Drinking Outdoor Sport water Bott,True,0,1399,Brand New,0
New ListingProfile Design Bite Valve,False,,1000,Brand New,0
Full Carbon Fiber Bottle Cage UD Carbon Water Bottle Holder for Road Bike MTB,False,207,1049,Brand New,0
"New Listing5 pcs Assorted Water Bottles Outdoor Hydration Flasks, Nalgene Hyatt Pualeilani",False,,3997,Pre-Owned,0
"New Listing5 pcs Assorted Water Bottles Outdoor Hydration Flasks, Nalgene GNC Ikedas",False,,3997,Pre-Owned,0
"New Listing7 pcs Assorted Water Bottles Outdoor Hydration Flasks, Contigo Nalgene Purium",False,,5597,Pre-Owned,0
Collapsible Water Bottle Leak proof Valve BPA-Free Silicone Foldable 20-oz,False,,1099,Brand New,0
1 Gallon Water Bottle With Time Marker Large Bottle Motivational with Straw,False,,1310,Brand New,0
2 PCS Water Bottle Bags Adjustable Strap Carrier Pouch Case Cover Outdoor Holder,True,,1098,Brand New,0
2 (Two) Pack Zefal Spring Bicycle Water Bottle Cages fits many bottle sizes 46g,True,64,1595,Brand New,0
New ListingVTG AVOCET USA CYCLING WATER BOTTLE DUCK LOGO USA ITALY 1980'S RARE,False,,3000,Pre-Owned,1190
New ListingRCC Rapha Bidon Water Bottle 625ML 21fl Oz Blue/Pink Bicycling,False,,2000,Pre-Owned,650
Specialized 22 Oz Fixy Ea Bottle,True,0,8951100,Brand New,499
Vans Off The Wall Stainless Steel 17 oz Insulated Water Bottle - Black Floral,False,,1000,Pre-Owned,1260
"New ListingWater Bottle 32Oz with Straw, Motivational Water Bottle with Time Marker & Buckl",False,,1344,Brand New,0
New ListingStainless Steel sport bottles,False,,499,Pre-Owned,1115
Peloton Glass Water Bottles (2) Black White Screw on Lid Workout Rubber Grip,False,,2599,Pre-Owned,1414
Elite SRL Fly Water Bottle 750ml - Black/Gray,True,67,1294,Brand New,0
New Listing64 OZ / Half Gallon Water Bottle Jug with Motivational Time Marker & Straw Brush,False,,899,Brand New,660
Aluminum Water Bottle Cage,False,0,1125,Brand New,0
New ListingTwitter Logo Aluminum Water Bottle  21 oz Brand New,False,,1999,Brand New,0
Elite BYASI Tool Storage Bottle : DARK GREY 600 cc,True,0,1199,Brand New,349
New ListingCamelbak Podium Chill 21 oz Water Bottle White & Black Free shipping,True,,1299,Pre-Owned,0
Simple Road Bicycle Water Bottle Holder Aluminum Alloy Bike Riding Kettle Stand,False,,995,Brand New,0
New ListingJTVO Hiking Sports Water Bottle,False,,1500,Brand New,943
New ListingNEW 2 PACK ALLOY BICYCLE BIKE WATER BOTTLE HOLDER CAGE SILVER ARM SLEEVE BANDANA,False,,1499,Brand New,0
"2.2L Leakproof Drinking Water Bottle BPA Free for Fitness, Gym Outdoor Sports",False,,995,Brand New,199
Outdoor Water Bottle Carrier Insulated Cup Bag Hiking Belt Holder Kettle Pouch,False,,778,Brand New,0
Tactical Molle Water Bottle Bags Military Belt Holder Kettle Pouch for Outdoor,True,,5991099,Brand New,199
Peloton x CamelBak Podium Sport Bottle 24 fl. oz.,False,,1500,Brand New,1060
Aluminum Portable Outdoor Bike Sports Water Bottle Drinking Kettle with Lid,False,,809872,Brand New,0
Soma Further 36oz Auto Valve Large Cycling Water Bottle Clear/Black,True,0,1582,Brand New,0
New Mini Tactical Military Vest Soda Beer Bottle Coozie Coolie Koozie Cover Case,False,,854,Brand New,0
"  (Lot of 4 Bottles) New Specialized Water Big Mouth Bottles ""Breakaway Ride""",False,0,1999,New (Other),375
Stainless Steel Water Bottle 20oz Straw Name Vintage Steven Aged Perfection,True,,2396,Brand New,0
Stainless Steel Water Bottle 20oz Straw Blessed are the Weird People,True,,2396,Brand New,0
Stainless Steel Water Bottle 20oz Straw Sports Taekwondo Martial Arts,True,,2396,Brand New,0
3 x Water Bottle Holder Portable Mineral Water Bottle Ring Holder Keychain Belt,True,,899999,Brand New,0
Rapha Leak-Proof Sport Water Bottle 610ml/710ml Ergonomics Cycling Water Bottle,False,,14651555,Brand New,0
Stainless Steel Water Bottle 20oz Straw Do i look like a freaking people person ,True,,2396,Brand New,0
New ListingBruMate 25oz. ReHydration Bottle/Canteen - Dark Grey,False,,2999,Pre-Owned,0
Bicycle Water Bottle Cage Mounted Handlebar Rack Bike Scooter Cup Drink Holder,True,0,414,Brand New,0
NEW Venture Pal Large Half Gallon/64OZ Motivational Water Bottle Time Marker,False,,1499,Brand New,1260
Tactical Military MOLLE Water Bottle Pouch Water Bottle Pouch Hydration Carrier,True,,949,Brand New,0
"New ListingCamelback Eddy Water Bottle, Smoke or Charcoal Color, 40 oz (5 8-oz)",False,,400,Pre-Owned,675
Blackburn Boost Cage Blk,True,0,499,Brand New,499
Tactical Water Bottle Pouch Travel Molle Kettle Bag Holder Bottle CarrierA^HV,False,,417442,Brand New,29
"Soma Further 36oz Auto Valve Large Cycling Water Bottle, Clear/Black",False,176,1582,Brand New,0
New Listingenve bottle cage bolts Only!!!!,False,,500,Pre-Owned,525
Stainless Steel Water Bottle 20oz Straw Sports Soccer Fanatic Fan ,True,,2396,Brand New,0
600ml Water Bottle Sports Leakproof Rainbow Gradient Drinking Cup Travel Kettle,False,,1197,Brand New,0
2 in 1 Hydrogen Water Bottle Generator - SPE PEM ‚Äì Ozone Generator ‚Äì 11 Ounce,False,,11990,Brand New,0
Fabric Insulated Internal Water Bottle 600ml - White,False,,1900,Brand New,299
Carrier Mug Holder Bag For Ozark RTIC‚Äã Yeti SIC 30 oz Tumbler BlaNWUY QH,False,,689,New (Other),0
New ListingDot Dot Smile Hot Pink Stainless Steel Water Bottle 24 oz. Screw Lid Optimism,False,,999,Pre-Owned,1115
Huggy Wuggy Poppy Playtime Sport Water Bottle 32oz,False,,3000,Brand New,500
MTB Road Bicycle Handlebar Bottle Holder Adapter Lightweight Bottle Cage Adapter,False,,749,Brand New,0
"32oz Water Bottle with Time Marker & Removable Strainer, Fabled Sunset",True,,1399,Brand New,0
Insulated Water Bottle Adjustable Shoulder Strap Carrier Bag Case   Cover Holder,False,,376384,Brand New,0
Elite 2022 INEOS GRENADIERS Team FLY Water Bottle : BLUE 550 ml,True,,999,Brand New,399
"4pc - LONG Water-Bottle-Cage Bolts, Stainless-Steel, 20mm / M5x20mm",True,,589,Brand New,340
NCAA Powerade Water Bottle Squeeze Cap 32oz RARE OFFICIAL NEW,False,,3790,Brand New,0
New CamelBak Podium Chill Insulated Bike Water Bottle,False,0,1497,Brand New,0
Polar 24 oz Breakaway Insulated Triple Wall Cycling Water Bottle Bolt Black,True,,1782,Brand New,0
IKEA ENKELSPARIG Water Bottle Patterned Blue 17 oz,True,,1428,Brand New,0
1L Water Bottle Time Marker Extra Large Motivational Gym Sport Bottle With Straw,False,,1346,Brand New,0
Stainless Steel Water Bottle 20oz Straw Eat Sleep Fish Any Questions Fishing,True,,2396,Brand New,0
Stainless Steel Water Bottle 20oz Straw Moose Nature Animal Wild,True,,2396,Brand New,0
VICTORIAS SECRET PINK TROPICAL PRINT WATER BOTTLE/FANNY PACK/HEADBAND NWT,False,0,2999,Brand New,0
900ml Portable Frosted Water Bottle Outdoor Sport Travel Drinking Bottles Kettle,False,,969,Brand New,0
New Listing2000ML Half Gallon 64 OZ Motivational Water Bottle Time Marker +With Straw,False,,2931163,Brand New,0
ODI GRIP CAN COOZIE,False,0,600,Brand New,300
New ListingPlastic Bottles for Drinks Storage Containers Plastic Water Bottle with Lids CUO,False,,189,Brand New,29
Cup Holder Drink Water Holder Beverage Cage For ATV Bicycle Scooter Bike Boat,False,,1585,Brand New,0
Stainless Steel Water Bottle 20oz Straw Not Sorry Attitude Funny,True,,2396,Brand New,0
Stainless Steel Water Bottle 20oz Straw Dog NEAPOLITAN MASTIFFS make me happy ,True,,2396,Brand New,0
2L Water Bottle Motivational Drink Flask w/ Time Markings BPA Free Sports Gym,False,,16671902,Brand New,0
"New ListingGatorade Insulated Squeeze Bottle, 30oz, Black, BPA Free, Double-Wall Insulation",False,,1499,Brand New,400
Profile Design Stryke Kage Black Bottle Cage Triathlon TT Road Mountain Bike,True,,1055,Brand New,0
"2- SIP Drink Fashion Sleeve, fits 22 oz bottles, Snakeskin Texture,Black & White",False,,995,Brand New,0
"New Listing8 pcs Assorted Water Bottles Outdoor Hydration Flasks, Contigo Nalgene Colorado",False,,6397,Pre-Owned,0
WC - Worldwide Cyclery Water Bottle 21oz. Stealth Logo - Water Bottles,True,,1395,Brand New,0
Prescription Ski Goggles Rx Insert Optical Adaptor Bendable Motorcycle GogATFI,False,,183,Brand New,0
580ml Water Bottle With Straw Drink Spray Cup Travel Outdoor Sports Hiking,False,,636645,Brand New,0
"NEW, THE CRAZY CAP 2 Self-Cleaning + Water Purification 500ml - CHOOSE COLOUR",False,,43954495,Brand New,0
"1 Gallon Water Bottle with Straw Lid, 128oz Motivational Water Jug, Big Sports ",True,0,2199,Brand New,0
Bicycle Water Bottle Holder Cage Bike Cycling Beverages Drink Cup Mount Bracket,True,,6981198,Brand New,0
"New ListingRICHEN Neoprene Water Bottle Carrier Bag with Adjustable Shoulder Strap,Insulate",True,,1537,Brand New,0
Outdoor Tactical Molle Water Bottle Bag Military Hiking Belt Holder Kettle Pouch,True,,899,Brand New,0
Cannondale Logo Gripper Bottle Black + White 600ml CP5100U1160,False,28,1175,Brand New,0
Lezyne FLOW SL Side Load Water Bottle Cage Pair : BLACK-WHITE,True,0,2499,Brand New,399
New MTB Road Bicycle Bike Alloy Bottle Cage Painted Red,True,,629,Brand New,0
650ml Mountain Bike Bicycle Cycling Water Bottle+Holder Cage Outdoor Drinkware,False,,752,Brand New,0
Large Capacity Water Kettle Outdoor Fitness Running Gym Training Sports Bottles,False,,9951031,Brand New,0
Outdoor    Water Bottle Holder Kettle  Carrier,False,,1039,Brand New,0
Star Wars Capt Solo Water Bottle 19 oz.,False,,900,Brand New,0
700ML Outdoor Sports Bike Bicycle Squeeze Drink Water Bottle Kettl.WR,False,,394,Brand New,0
"VICTORIA'S SECRET ""PINK"" - Polka Dot Water Bottle BPA Free with clip BRAND NEW!",False,,1709,Brand New,0
New ListingCamelBak Eddy .75L Water Bottle (color Pink),False,,1500,Brand New,1260
New ListingColumbia Water Sports Bottle Clear BPA FREE Twist Cap GOOD CLEAN Condition,False,,3000,Pre-Owned,610
Rapha Bike Water Bottle Lockable Leak-proof Sports Fintess Cycling Water Bottle,True,,12791520,Brand New,0
"A Sundried BPA Free Leakproof Outdoor, Sports, Fitness & Gym Water Bottle 750ml",False,9,1391,Brand New,846
Super Light Weight 304 Stainless Steel Bottle Cage Urben Classic Steel Road Bike,True,0,19803480,Brand New,0
"New ListingWGCC Half Gallon Water Bottle with Straw, Leakproof BPA Free Motivational Water ",True,,1367,Brand New,0
"Genuine Nos Pre-2014 Camelbak Podium Water Bottle Mud Cap, Blue, Brand New",False,0,1399,Brand New,0
Adjustable Water Bottle Cages Bike Drink Cup 1/2PC Holder Plastic+Aluminum alloy,True,15,499799,New (Other),0
Neoprene Bottle Holder Bag Water Bottle Carrier Bottle Pouch Shoulder Strap,False,,759839,Brand New,0
New Listing550ML Candy Color BPA Free Water Bottles Leak-proof Drinking Cup Kettle OA_WH,False,,318330,Brand New,29
New Listing8 Pack Wide Mouth Lids | 24 Oz Bottle | For Multi - Colored/Assorted Cap Lids,False,,1199,Brand New,0
Prestige Tattva Copper Water Bottle 1000 ml,False,,7952,Brand New,0
Stainless Steel Water Bottle 20oz Straw Sports CheerLeader Cheer Leader,True,,2396,Brand New,0
Stainless Steel Water Bottle 20oz Straw Forever Southern Swamp Gator,True,,2396,Brand New,0
stainless steel water bottle 20oz Straw Top Christian Blessed By God Spoiled ,True,,2396,Brand New,0
Prestige Tattva Copper Water Bottle 950 ml,False,,6209,Brand New,0
Stainless Steel Water Bottle 20oz Straw Name Wyatt Thing Wouldn't Understand,True,,2396,Brand New,0
"Elite SRL Jet Water Bottle - 750ml, Black/Gray",True,,1176,Brand New,0
New ListingPATH WATER,False,,800,Brand New,943
New ListingMountain Bike Sports Water Bottle 500ml Aluminum Thermos Keep Warm Water Cup,False,,1994,Brand New,0
Zefal Vintage Bottle Cage Zefal Vintage Cp/leather,True,0,1385,Brand New,0
New Listing2000ML Half Gallon 64 OZ Motivational Water Bottle w/Straw Time Marker 4 Colors,False,,2931163,Brand New,0
New ListingPlastic Bottles for Drinks Storage Containers Plastic Water Bottle with Lids CWH,False,,189,Brand New,29
Kids Water Bottle With Straw 12 Oz Bpafree Tritan Bulk Bottle Sports Clear Drink,True,,1963,Brand New,0
4x Aerospace M5 x .8 x 16 mm Bicycle Water Bottle Cage Wide Head Titanium Screws,False,,995,Brand New,0
2022 Plastic Light Bulb Shaped Bottle Drink Cup Water US Party Bottle Deco,False,,951990,Brand New,0
Prestige Tattva Copper Water Bottle 1000 ml,False,,7307,Brand New,0
Stainless Steel Water Bottle 20oz Straw Happiness is Being A Meme,True,,2396,Brand New,0
Stainless Steel Water Bottle 20oz Straw Dog NEWFOUNDLANDS make me happy You not ,True,,2396,Brand New,0
"Samsung Water Bottle - Employee Work Promo - 1 Blue, 1 Pink",False,,1799,Brand New,750
"New ListingNIB Opard Sports Water Bottle, 20.2Oz BPA Free Tritan Plastic Water Bottle ",False,,799,Brand New,699
Bicycle Bike Cycling Water Bottle Holder Rack Carbon Drink Fiber Cage*1 W8L9,False,,288,Brand New,0
New ListingNalgene OTF Kids Blue W/ Glacial Cap,False,,1170,Brand New,0
New ListingSport water bottle cover neoprene insulated sleeve bag case pouch3-zo,False,,166203,Brand New,0
Specialized 26 Oz Fixy Ea Bottle Translucent/Red Terrain Camo 26 OZ,True,0,1099,Brand New,499
1 or 2 cages Giant Airway Sport Bottle Cage Light Weight  Orange Blue Red Gray,True,19,16203175,Brand New,0
500ml Summer Cute Strawberry Straw Water Bottle Milk Coffee Straw Cup for HoQH,False,,850,Brand New,0
Outdoor Water Bottle with Straw BPA Free Gradient Sport Drinking Cup 1000ML,False,,1240,Brand New,0
Torhans AeroFlow‚Ñ¢ Straw Housing,False,,795,Pre-Owned,480
Universal Ultra Light Bicycle Water Bottle Cage Mountain Road Bike High .Prof,False,,335374,Brand New,0
Stainless Steel Water Bottle 20oz Straw Top It's A Grammy Thing. ,True,,2396,Brand New,0
Bike Cup Holder Cycling Beverage Water Bottle Cage Mount Drink Bicycle Handlebar,True,,1999,Brand New,0
R√§pyl√§ Cityman -91 Drinking Bottle With Straw Nokia Phone Toy Rapyla,False,,25000,Pre-Owned,1650
Stainless Steel Water Bottle 20oz Straw Sports Football Leaving All On Field,True,,2396,Brand New,0
New ListingHalf Gallon 64 OZ Motivational Water Bottle with Straw Time Marker BPA Free,False,,1279,Brand New,0
New Listing3 Miniso Japan Store Collectible Water Large Bottle 780 ml Clear Blue BRAND NEW,False,,3500,Brand New,690
"Cirkul Fission Flavor Cartridges FLORIDA MAN, NOCTURNAL, SEND IT, BLUE MAGIC",False,0,5999,Brand New,0
Sabika Jewelry water bottle,False,,899,Brand New,455
New Listing700ML Outdoor Sports Bike Bicycle Squeeze Drink Water Bottle Kettl.UO,False,,370,Brand New,29
 Sports Water Bottle 780ml Portable Travel Leakproof Drinking,False,,645686,Brand New,0
New Victoria's Secret  PINK COLLEGIATE WATER BOTTLE Pink,False,,2795,Brand New,0
Prestige Tattva Copper Water Bottle 1000 ml,False,,6119,Brand New,0
Stanley Classic Easy-Pour Growler Free Shipping ,False,,4899,Brand New,0
"J&L Water Bottle Cage Bolts(0.6g*4pcs) for-Elite,Tacx,FSA,Tune,Lightweight",False,222,379498,Brand New,740
Fuel'd Hydration Water Bottle with Long Straw,False,0,2895,Brand New,1608
New ListingNeoprene Water Bottle Sleeve Bottle Cozy Insulated Glas,True,,1768,Brand New,0
Cato Better Than Ever Before Hot Pink 40 oz Water Bottle with Straw,False,,1999,New (Other),660
SNAPCHAT water bottle,False,,2500,New (Other),610
"New ListingWater Bottle 32Oz with Straw, Motivational Water Bottle with Time Marker & Buckl",False,,1401,Brand New,0
"Motorcycle Cup Holder Bottle Handlebar Mount For 0.6""-1.56"" ATV Golf Cart Boat",False,,1899,Brand New,0
2 PC Plastic Bottle Holder Water Drink For Wheelchair Bike Walker Stroller gSP,True,,1099,Brand New,0
Champion System Amgen Tour Of California Mussette Bag (5617-51),False,,399,Pre-Owned,400
32oz Motivational Water Bottle with Straw & Time Marker BPA FREE Tritan & Dus...,True,0,1234,Brand New,0
New Listing550ML Candy Color BPA Free Water Bottles Leak-proof Drinking Cup Kettle OA_H2,False,,325333,Brand New,21
New ListingAmazon black Water Bottle Authentic Swag Exclusive,False,,1000,Brand New,500
Huffy Cozy Drink Holder-Blue,False,0,895,Brand New,0
New ListingTrek 1976 USA Water Bottle Cycling Bike Biking 21oz Flask,False,,799,Pre-Owned,540
Bike Bicycle Bottle Holder Drink Rack Mountain Bike Cage Bottle Cycling S7V7,False,,586,Brand New,0
Water Bottle Humidifier for Oxygen Concentrator Humidifier Oxygen Concentrator B,False,,983,Brand New,0
Elite 2021 UAE EMIRATES Team FLY Water Bottle : 550 ml,True,,899,Brand New,199
Elite JET Water Bottle BPA Free 750ml : CLEAR/RED,True,25,899,Brand New,399
New ListingWilson Sports Water Bottle,False,,1299,Brand New,590
Avenir Brand Budweiser Anheuser Busch Inc Multi-Colored Water Bottle NEW,True,,777,Brand New,525
Wide Mouth 32 oz. Water Bottle,False,,600,Brand New,600
Elite FLY Lightweight Water Bottle BPA Free 550ml : RED/BORDEAUX,True,34,999,Brand New,399
20oz  purple Built pivot water bottle with Straw BPA Free,False,,1500,New (Other),1346
Cannondale Logo Gripper Bottle Black + White 750ml CP5100U1175,False,,1275,Brand New,0
Tactical Molle Water Bottle Pouch Bag Military Outdoor Hiking Kettle Carrier Bag,True,,1499,Brand New,0
New Listing1Pc Cups Bag Folding Plastic Collapsible Outdoor Sport Portable Water B.zo,False,,199,Brand New,0
FLY GIRO 2018 GREY Official bottles for Giro d'Italia's 2018 edition,False,,1200,Brand New,1500
"NEW Victoria‚Äôs Secret PINK Water Bottle ""Girls Rule The World""",False,,550,New (Other),990
550ML Candy Color BPA Free Water Bottles Leak-proof Drinking Cup Kettle Outd QH,False,,989992,Brand New,0
400-700ML Water Drinking Bottle Cup Stainless Steel Vacuum Sports Cycle Tra US,False,,826940,Brand New,0
Orbea branded water bottle,False,,1499,Pre-Owned,0
Orla Kieley 360 Drinking Tritan 24oz Water Bottle Grey,True,,1199,Brand New,0
New ListingBicycle Water Bottle Cage MTB Road Bike Holder Bottles,False,,274,Brand New,0
NEW Sports Water Bottles Mountain Bike Leakproof Squeeze Cycling Drink Bottle,True,,1614,Brand New,0
Stainless Steel Water Bottle 20oz Straw Happiness is Being A Grandma,True,,2396,Brand New,0
